Event,Time,Session,ID,Time2
DC_DD,0.2,41,1,0.2000000
DD_DC,0.35,41,2,0.3500000
DC_DD,0.4,41,3,0.4000000
PD_PC,0.416666667,41,4,0.4166667
PC_PD,0.433333333,41,5,0.4333333
SD_SC,0.6,41,6,0.6000000
SC_SD,0.633333333,41,7,0.6333333
EC_ED,0.666666667,41,8,0.6666667
DC_DD,0.666666667,41,9,0.6666668
PC_PD,0.733333333,41,10,0.7333333
DD_DC,0.75,41,11,0.7500000
PC_PD,0.833333333,41,12,0.8333333
DD_DC,0.85,41,13,0.8500000
PD_PC,0.9,41,14,0.9000000
PC_PD,0.916666667,41,15,0.9166667
PC_PD,0.95,41,16,0.9500000
DC_DD,0.966666667,41,17,0.9666667
DD_DC,1.083333333,41,18,1.0833333
DC_DD,1.083333333,41,19,1.0833334
PC_PD,1.2,41,20,1.2000000
PD_PC,1.25,41,21,1.2500000
DD_DC,1.266666667,41,22,1.2666667
SD_SC,1.383333333,41,23,1.3833333
DD_DC,1.383333333,41,24,1.3833334
DC_DD,1.4,41,25,1.4000000
SC_SD,1.45,41,26,1.4500000
DC_DD,1.5,41,27,1.5000000
SD_SC,1.516666667,41,28,1.5166667
DD_DC,1.683333333,41,29,1.6833333
PD_PC,1.733333333,41,30,1.7333333
PD_PC,1.75,41,31,1.7500000
PC_PD,1.833333333,41,32,1.8333333
DD_DC,1.933333333,41,33,1.9333333
SC_SD,1.966666667,41,34,1.9666667
SD_SC,2.05,41,35,2.0500000
DD_DC,2.133333333,41,36,2.1333333
DC_DD,2.183333333,41,37,2.1833333
SC_SD,2.216666667,41,38,2.2166667
DC_DD,2.3,41,39,2.3000000
DD_DC,2.3,41,40,2.3000001
SD_SC,2.333333333,41,41,2.3333333
SC_SD,2.416666667,41,42,2.4166667
DD_DC,2.433333333,41,43,2.4333333
SC_SD,2.45,41,44,2.4500000
DD_DC,2.466666667,41,45,2.4666667
SD_SC,2.55,41,46,2.5500000
DC_DD,2.583333333,41,47,2.5833333
PD_PC,2.6,41,48,2.6000000
SC_SD,2.616666667,41,49,2.6166667
PD_PC,2.633333333,41,50,2.6333333
EC_ED,2.65,41,51,2.6500000
SC_SD,2.65,41,52,2.6500001
DC_DD,2.7,41,53,2.7000000
SC_SD,2.7,41,54,2.7000001
ED_EC,2.716666667,41,55,2.7166667
DD_DC,2.766666667,41,56,2.7666667
DC_DD,2.8,41,57,2.8000000
PC_PD,2.883333333,41,58,2.8833333
EC_ED,2.916666667,41,59,2.9166667
PD_PC,2.916666667,41,60,2.9166668
DC_DD,2.95,41,61,2.9500000
SC_SD,3.066666667,41,62,3.0666667
ED_EC,3.083333333,41,63,3.0833333
DD_DC,3.083333333,41,64,3.0833334
DC_DD,3.133333333,41,65,3.1333333
DD_DC,3.283333333,41,66,3.2833333
EC_ED,3.35,41,67,3.3500000
DD_DC,3.433333333,41,68,3.4333333
PD_PC,3.483333333,41,69,3.4833333
DC_DD,3.5,41,70,3.5000000
ED_EC,3.51,41,71,3.5100000
DD_DC,3.566666667,41,72,3.5666667
PC_PD,3.65,41,73,3.6500000
EC_ED,3.65,41,74,3.6500001
DD_DC,3.7,41,75,3.7000000
PD_PC,3.7,41,76,3.7000001
SD_SC,3.733333333,41,77,3.7333333
SC_SD,3.766666667,41,78,3.7666667
DC_DD,3.8,41,79,3.8000000
SD_SC,3.9,41,80,3.9000000
PC_PD,3.916666667,41,81,3.9166667
DD_DC,3.916666667,41,82,3.9166668
DC_DD,4.083333333,41,83,4.0833333
PC_PD,4.083333333,41,84,4.0833334
PD_PC,4.116666667,41,85,4.1166667
DC_DD,4.166666667,41,86,4.1666667
DD_DC,4.233333333,41,87,4.2333333
DC_DD,4.3,41,88,4.3000000
DD_DC,4.366666667,41,89,4.3666667
DC_DD,4.383333333,41,90,4.3833333
DD_DC,4.45,41,91,4.4500000
SC_SD,4.483333333,41,92,4.4833333
DC_DD,4.516666667,41,93,4.5166667
PD_PC,4.516666667,41,94,4.5166668
DD_DC,4.55,41,95,4.5500000
SD_SC,4.566666667,41,96,4.5666667
SC_SD,4.6,41,97,4.6000000
PD_PC,4.633333333,41,98,4.6333333
PD_PC,4.65,41,99,4.6500000
PC_PD,4.666666667,41,100,4.6666667
PC_PD,4.7,41,101,4.7000000
SD_SC,4.716666667,41,102,4.7166667
DD_DC,4.733333333,41,103,4.7333333
PC_PD,4.816666667,41,104,4.8166667
SD_SC,4.833333333,41,105,4.8333333
PD_PC,4.866666667,41,106,4.8666667
DC_DD,4.916666667,41,107,4.9166667
DD_DC,4.933333333,41,108,4.9333333
PC_PD,4.95,41,109,4.9500000
SD_SC,4.983333333,41,110,4.9833333
SD_SC,5.066666667,41,111,5.0666667
PD_PC,5.083333333,41,112,5.0833333
SC_SD,5.1,41,113,5.1000000
PD_PC,5.533333333,41,114,5.5333333
PC_PD,5.6,41,115,5.6000000
DC_DD,5.666666667,41,116,5.6666667
EC_ED,5.683333333,41,117,5.6833333
DD_DC,5.7,41,118,5.7000000
SC_SD,5.716666667,41,119,5.7166667
ED_EC,5.733333333,41,120,5.7333333
PC_PD,5.766666667,41,121,5.7666667
DC_DD,5.8,41,122,5.8000000
PD_PC,5.85,41,123,5.8500000
DD_DC,5.9,41,124,5.9000000
PC_PD,5.9,41,125,5.9000001
PC_PD,5.966666667,41,126,5.9666667
DC_DD,6.066666667,41,127,6.0666667
PD_PC,6.116666667,41,128,6.1166667
DD_DC,6.15,41,129,6.1500000
SD_SC,6.25,41,130,6.2500000
DD_DC,6.266666667,41,131,6.2666667
SC_SD,6.283333333,41,132,6.2833333
PC_PD,6.366666667,41,133,6.3666667
SC_SD,6.366666667,41,134,6.3666668
SD_SC,6.416666667,41,135,6.4166667
PC_PD,6.533333333,41,136,6.5333333
DC_DD,6.583333333,41,137,6.5833333
DD_DC,6.6,41,138,6.6000000
SC_SD,6.616666667,41,139,6.6166667
DD_DC,6.683333333,41,140,6.6833333
PD_PC,6.7,41,141,6.7000000
DD_DC,6.816666667,41,142,6.8166667
PD_PC,6.816666667,41,143,6.8166668
SC_SD,6.866666667,41,144,6.8666667
SD_SC,6.866666667,41,145,6.8666668
PC_PD,7.016666667,41,146,7.0166667
DD_DC,7.033333333,41,147,7.0333333
SC_SD,7.083333333,41,148,7.0833333
DD_DC,7.116666667,41,149,7.1166667
PD_PC,7.133333333,41,150,7.1333333
DD_DC,7.2,41,151,7.2000000
PC_PD,7.216666667,41,152,7.2166667
PD_PC,7.216666667,41,153,7.2166668
SD_SC,7.233333333,41,154,7.2333333
SC_SD,7.25,41,155,7.2500000
DC_DD,7.266666667,41,156,7.2666667
DD_DC,7.316666667,41,157,7.3166667
DC_DD,7.366666667,41,158,7.3666667
SD_SC,7.383333333,41,159,7.3833333
DD_DC,7.416666667,41,160,7.4166667
SD_SC,7.433333333,41,161,7.4333333
PD_PC,7.516666667,41,162,7.5166667
EC_ED,7.533333333,41,163,7.5333333
SD_SC,7.566666667,41,164,7.5666667
PC_PD,7.583333333,41,165,7.5833333
ED_EC,7.633333333,41,166,7.6333333
DC_DD,7.7,41,167,7.7000000
DD_DC,7.733333333,41,168,7.7333333
SC_SD,7.766666667,41,169,7.7666667
PC_PD,7.85,41,170,7.8500000
SC_SD,7.966666667,41,171,7.9666667
SD_SC,8.016666667,41,172,8.0166667
SD_SC,8.066666667,41,173,8.0666667
SD_SC,8.116666667,41,174,8.1166667
SD_SC,8.233333333,41,175,8.2333333
SD_SC,8.45,41,176,8.4500000
PC_PD,8.5,41,177,8.5000000
DC_DD,8.633333333,41,178,8.6333333
PC_PD,8.683333333,41,179,8.6833333
SC_SD,8.783333333,41,180,8.7833333
PD_PC,8.85,41,181,8.8500000
DC_DD,8.933333333,41,182,8.9333333
PD_PC,8.933333333,41,183,8.9333334
SD_SC,8.983333333,41,184,8.9833333
PC_PD,8.983333333,41,185,8.9833334
SC_SD,9.016666667,41,186,9.0166667
SD_SC,9.116666667,41,187,9.1166667
DD_DC,9.133333333,41,188,9.1333333
DD_DC,9.216666667,41,189,9.2166667
PC_PD,9.216666667,41,190,9.2166668
DC_DD,9.233333333,41,191,9.2333333
SD_SC,9.266666667,41,192,9.2666667
PD_PC,9.266666667,41,193,9.2666668
SC_SD,9.4,41,194,9.4000000
SD_SC,9.516666667,41,195,9.5166667
SD_SC,9.533333333,41,196,9.5333333
PD_PC,9.616666667,41,197,9.6166667
DC_DD,9.666666667,41,198,9.6666667
PC_PD,9.716666667,41,199,9.7166667
PC_PD,9.733333333,41,200,9.7333333
DC_DD,9.766666667,41,201,9.7666667
DC_DD,9.95,41,202,9.9500000
DD_DC,9.983333333,41,203,9.9833333
SC_SD,10.03333333,41,204,10.0333333
SC_SD,10.08333333,41,205,10.0833333
SD_SC,10.15,41,206,10.1500000
DC_DD,10.28333333,41,207,10.2833333
SD_SC,10.33333333,41,208,10.3333333
PD_PC,10.35,41,209,10.3500000
DD_DC,10.41666667,41,210,10.4166667
DD_DC,10.46666667,41,211,10.4666667
PD_PC,10.53333333,41,212,10.5333333
PC_PD,10.56666667,41,213,10.5666667
ED_EC,10.68333333,41,214,10.6833333
ED_EC,10.71666667,41,215,10.7166667
PD_PC,10.78333333,41,216,10.7833333
SC_SD,10.78333333,41,217,10.7833334
EC_ED,10.8,41,218,10.8000000
PD_PC,10.8,41,219,10.8000001
ED_EC,10.83333333,41,220,10.8333333
PC_PD,10.9,41,221,10.9000000
EC_COM,10.93333333,41,222,10.9333333
DC_DD,10.98333333,41,223,10.9833333
DC_DD,11.03333333,41,224,11.0333333
SC_SD,11.05,41,225,11.0500000
PD_PC,11.06666667,41,226,11.0666667
DD_DC,11.11666667,41,227,11.1166667
DD_DC,11.25,41,228,11.2500000
DC_DD,11.26,41,229,11.2600000
SD_SC,11.31666667,41,230,11.3166667
DD_DC,11.31666667,41,231,11.3166668
DC_DD,11.31666667,41,232,11.3166669
SC_SD,11.36666667,41,233,11.3666667
DD_DC,11.4,41,234,11.4000000
SD_SC,11.5,41,235,11.5000000
PC_COM,11.51666667,41,236,11.5166667
DC_COM,11.61666667,41,237,11.6166667
SC_COM,11.61666667,41,238,11.6166668
SC_COM,11.63333333,41,239,11.6333333
SC_SD,11.66666667,41,240,11.6666667
DD_DC,11.68333333,41,241,11.6833333
SC_SD,11.73333333,41,242,11.7333333
SD_SC,11.81666667,41,243,11.8166667
DC_DD,11.88333333,41,244,11.8833333
DD_DC,11.91666667,41,245,11.9166667
DC_DD,11.98333333,41,246,11.9833333
DD_DC,12.11666667,41,247,12.1166667
DC_DD,12.15,41,248,12.1500000
SC_SD,12.15,41,249,12.1500001
DC_DD,12.16666667,41,250,12.1666667
DD_DC,12.18333333,41,251,12.1833333
DC_DD,12.25,41,252,12.2500000
EC_ED,12.26666667,41,253,12.2666667
ED_EC,12.33333333,41,254,12.3333333
SD_SC,12.35,41,255,12.3500000
DD_DC,12.38333333,41,256,12.3833333
DC_DD,12.41666667,41,257,12.4166667
DD_DC,12.43333333,41,258,12.4333333
DC_DD,12.43333333,41,259,12.4333334
EC_ED,12.46666667,41,260,12.4666667
SC_SD,12.56666667,41,261,12.5666667
DC_DD,12.6,41,262,12.6000000
DD_DC,12.65,41,263,12.6500000
SD_SC,12.68333333,41,264,12.6833333
SC_SD,12.7,41,265,12.7000000
SC_SD,12.76666667,41,266,12.7666667
SC_SD,12.86666667,41,267,12.8666667
SD_SC,13.01666667,41,268,13.0166667
DD_DC,13.05,41,269,13.0500000
SD_SC,13.06666667,41,270,13.0666667
DC_DD,13.13333333,41,271,13.1333333
SD_SC,13.33333333,41,272,13.3333333
DC_DD,13.4,41,273,13.4000000
DD_DC,13.5,41,274,13.5000000
SC_COM,13.53333333,41,275,13.5333333
EC_ED,13.61666667,41,276,13.6166667
DC_DD,13.65,41,277,13.6500000
DD_DC,13.7,41,278,13.7000000
SC_SD,13.88333333,41,279,13.8833333
SD_SC,13.96666667,41,280,13.9666667
SD_SC,14.03333333,41,281,14.0333333
PD_PC,14.23333333,41,282,14.2333333
PC_PD,14.31666667,41,283,14.3166667
SC_SD,14.38333333,41,284,14.3833333
SD_SC,14.46666667,41,285,14.4666667
SC_SD,14.5,41,286,14.5000000
SD_SC,14.6,41,287,14.6000000
PD_PC,14.85,41,288,14.8500000
DC_DD,14.86666667,41,289,14.8666667
DC_DD,15.15,41,290,15.1500000
DD_DC,15.21666667,41,291,15.2166667
SC_SD,15.35,41,292,15.3500000
PD_PC,15.35,41,293,15.3500001
DC_DD,15.36666667,41,294,15.3666667
DD_DC,15.48333333,41,295,15.4833333
PC_PD,15.48333333,41,296,15.4833334
DD_DC,15.51666667,41,297,15.5166667
SC_SD,15.56666667,41,298,15.5666667
DC_DD,15.65,41,299,15.6500000
SC_SD,15.68333333,41,300,15.6833333
DD_DC,15.71666667,41,301,15.7166667
SD_SC,15.75,41,302,15.7500000
PD_PC,15.76,41,303,15.7600000
PD_PC,15.9,41,304,15.9000000
SC_SD,15.93333333,41,305,15.9333333
SC_SD,16.55,41,306,16.5500000
SD_SC,16.65,41,307,16.6500000
SD_SC,17.1,41,308,17.1000000
SC_SD,17.16666667,41,309,17.1666667
SD_SC,17.28333333,41,310,17.2833333
SC_COM,17.35,41,311,17.3500000
SC_SD,17.45,41,312,17.4500000
EC_ED,17.5,41,313,17.5000000
SC_COM,17.53333333,41,314,17.5333333
EC_COM,17.65,41,315,17.6500000
PC_COM,17.71666667,41,316,17.7166667
SC_COM,17.8,41,317,17.8000000
EC_COM,17.91666667,41,318,17.9166667
SC_SD,18,41,319,18.0000000
SD_SC,18.15,41,320,18.1500000
SC_SD,18.6,41,321,18.6000000
SD_SC,18.75,41,322,18.7500000
SC_SD,18.96666667,41,323,18.9666667
DD_DC,0.183333333,42,324,0.1833333
PC_COM,0.3,42,325,0.3000000
SC_SD,0.333333333,42,326,0.3333333
DC_COM,0.366666667,42,327,0.3666667
PC_PD,0.383333333,42,328,0.3833333
SD_SC,0.416666667,42,329,0.4166667
DC_COM,0.516666667,42,330,0.5166667
SC_SD,0.55,42,331,0.5500000
DC_COM,0.633333333,42,332,0.6333333
PC_PD,0.766666667,42,333,0.7666667
SC_SD,0.883333333,42,334,0.8833333
DC_COM,0.9,42,335,0.9000000
PC_PD,0.916666667,42,336,0.9166667
SD_SC,1.033333333,42,337,1.0333333
PD_PC,1.033333333,42,338,1.0333334
PC_PD,1.066666667,42,339,1.0666667
SC_SD,1.066666667,42,340,1.0666668
DC_COM,1.083333333,42,341,1.0833333
DD_DC,1.15,42,342,1.1500000
PC_PD,1.266666667,42,343,1.2666667
DD_DC,1.283333333,42,344,1.2833333
DD_DC,1.383333333,42,345,1.3833333
DC_COM,1.416666667,42,346,1.4166667
DC_DD,1.483333333,42,347,1.4833333
PD_PC,1.5,42,348,1.5000000
DC_COM,1.53,42,349,1.5300000
DC_DD,1.533333333,42,350,1.5333333
PC_PD,1.566666667,42,351,1.5666667
DD_DC,1.583333333,42,352,1.5833333
DC_DD,1.633333333,42,353,1.6333333
DD_DC,1.683333333,42,354,1.6833333
PD_PC,1.716666667,42,355,1.7166667
DC_DD,1.75,42,356,1.7500000
PC_PD,1.76,42,357,1.7600000
EC_ED,1.933333333,42,358,1.9333333
DC_DD,1.966666667,42,359,1.9666667
PC_PD,1.983333333,42,360,1.9833333
ED_EC,2.016666667,42,361,2.0166667
DD_DC,2.05,42,362,2.0500000
SC_SD,2.116666667,42,363,2.1166667
EC_ED,2.116666667,42,364,2.1166668
DC_COM,2.133333333,42,365,2.1333333
DD_DC,2.3,42,366,2.3000000
DD_DC,2.333333333,42,367,2.3333333
PD_PC,2.35,42,368,2.3500000
SD_SC,2.383333333,42,369,2.3833333
PC_PD,2.383333333,42,370,2.3833334
DC_DD,2.4,42,371,2.4000000
PD_PC,2.433333333,42,372,2.4333333
EC_ED,2.45,42,373,2.4500000
DD_DC,2.466666667,42,374,2.4666667
ED_EC,2.666666667,42,375,2.6666667
EC_ED,2.733333333,42,376,2.7333333
SC_SD,2.75,42,377,2.7500000
DC_DD,2.76,42,378,2.7600000
ED_EC,2.766666667,42,379,2.7666667
SD_SC,2.816666667,42,380,2.8166667
EC_ED,2.883333333,42,381,2.8833333
SC_SD,2.95,42,382,2.9500000
DC_DD,3,42,383,3.0000000
SD_SC,3.066666667,42,384,3.0666667
DD_DC,3.1,42,385,3.1000000
SC_SD,3.133333333,42,386,3.1333333
SD_SC,3.183333333,42,387,3.1833333
ED_EC,3.366666667,42,388,3.3666667
DC_DD,3.416666667,42,389,3.4166667
EC_ED,3.466666667,42,390,3.4666667
ED_EC,3.516666667,42,391,3.5166667
PC_PD,3.516666667,42,392,3.5166668
DD_DC,3.55,42,393,3.5500000
SD_SC,3.566666667,42,394,3.5666667
PD_PC,3.583333333,42,395,3.5833333
DC_DD,3.583333333,42,396,3.5833334
SC_SD,3.616666667,42,397,3.6166667
DD_DC,3.683333333,42,398,3.6833333
SD_SC,3.683333333,42,399,3.6833334
DC_DD,3.766666667,42,400,3.7666667
PC_PD,3.8,42,401,3.8000000
SD_SC,3.866666667,42,402,3.8666667
DC_DD,4,42,403,4.0000000
SD_SC,4.05,42,404,4.0500000
SC_SD,4.116666667,42,405,4.1166667
DC_DD,4.133333333,42,406,4.1333333
SD_SC,4.183333333,42,407,4.1833333
DC_DD,4.2,42,408,4.2000000
DD_DC,4.233333333,42,409,4.2333333
DC_DD,4.283333333,42,410,4.2833333
SC_SD,4.35,42,411,4.3500000
PC_PD,4.533333333,42,412,4.5333333
PD_PC,4.55,42,413,4.5500000
PC_PD,4.6,42,414,4.6000000
PD_PC,4.616666667,42,415,4.6166667
DC_DD,4.633333333,42,416,4.6333333
PC_PD,4.666666667,42,417,4.6666667
DD_DC,4.683333333,42,418,4.6833333
DC_DD,4.8,42,419,4.8000000
DD_DC,4.916666667,42,420,4.9166667
DC_DD,5.016666667,42,421,5.0166667
DC_DD,5.1,42,422,5.1000000
SD_SC,5.1,42,423,5.1000001
SC_SD,5.15,42,424,5.1500000
PC_PD,5.151,42,425,5.1510000
SC_SD,5.216666667,42,426,5.2166667
DD_DC,5.283333333,42,427,5.2833333
SD_SC,5.3,42,428,5.3000000
SC_SD,5.35,42,429,5.3500000
SD_SC,5.366666667,42,430,5.3666667
EC_ED,5.366666667,42,431,5.3666668
ED_EC,5.4,42,432,5.4000000
DC_COM,5.433333333,42,433,5.4333333
SD_SC,5.466666667,42,434,5.4666667
DC_DD,5.666666667,42,435,5.6666667
DD_DC,5.816666667,42,436,5.8166667
PC_PD,5.933333333,42,437,5.9333333
PD_PC,6.033333333,42,438,6.0333333
DC_DD,6.066666667,42,439,6.0666667
DD_DC,6.133333333,42,440,6.1333333
EC_ED,6.15,42,441,6.1500000
SC_SD,6.2,42,442,6.2000000
ED_EC,6.216666667,42,443,6.2166667
DC_DD,6.316666667,42,444,6.3166667
PC_PD,6.333333333,42,445,6.3333333
PD_PC,6.366666667,42,446,6.3666667
DD_DC,6.416666667,42,447,6.4166667
SD_SC,6.45,42,448,6.4500000
SD_SC,6.5,42,449,6.5000000
PC_PD,6.533333333,42,450,6.5333333
SC_SD,6.683333333,42,451,6.6833333
SD_SC,6.75,42,452,6.7500000
SC_SD,6.766666667,42,453,6.7666667
DC_DD,6.85,42,454,6.8500000
DD_DC,6.95,42,455,6.9500000
SD_SC,7.033333333,42,456,7.0333333
SC_SD,7.066666667,42,457,7.0666667
PC_COM,7.133333333,42,458,7.1333333
SD_SC,7.15,42,459,7.1500000
SC_COM,7.216666667,42,460,7.2166667
DC_COM,7.216666667,42,461,7.2166668
PD_PC,7.283333333,42,462,7.2833333
PC_PD,7.383333333,42,463,7.3833333
DC_COM,7.45,42,464,7.4500000
DD_DC,7.466666667,42,465,7.4666667
DC_DD,7.466666667,42,466,7.4666668
SD_SC,7.483333333,42,467,7.4833333
SC_SD,7.533333333,42,468,7.5333333
DD_DC,7.583333333,42,469,7.5833333
SC_SD,7.716666667,42,470,7.7166667
PD_PC,7.816666667,42,471,7.8166667
PC_PD,7.883333333,42,472,7.8833333
DC_DD,7.933333333,42,473,7.9333333
PD_PC,8.1,42,474,8.1000000
PC_COM,8.5,42,475,8.5000000
SD_SC,8.566666667,42,476,8.5666667
EC_COM,8.583333333,42,477,8.5833333
DC_DD,8.583333333,42,478,8.5833334
SC_SD,8.616666667,42,479,8.6166667
DD_DC,8.65,42,480,8.6500000
SC_SD,8.933333333,42,481,8.9333333
SC_SD,9.083333333,42,482,9.0833333
DC_DD,9.1,42,483,9.1000000
DD_DC,9.166666667,42,484,9.1666667
DC_DD,9.316666667,42,485,9.3166667
DD_DC,9.466666667,42,486,9.4666667
SC_SD,9.7,42,487,9.7000000
SC_SD,9.9,42,488,9.9000000
SC_COM,10.05,42,489,10.0500000
PD_PC,10.06666667,42,490,10.0666667
SC_SD,0.65,51,491,0.6500000
ED_EC,0.683333333,51,492,0.6833333
EC_ED,0.683333333,51,493,0.6833334
PC_PD,0.7,51,494,0.7000000
PD_PC,0.75,51,495,0.7500000
ED_EC,0.76,51,496,0.7600000
PC_PD,0.8,51,497,0.8000000
PD_PC,1,51,498,1.0000000
ED_EC,1.1,51,499,1.1000000
SC_SD,1.133333333,51,500,1.1333333
PC_PD,1.2,51,501,1.2000000
EC_ED,1.233333333,51,502,1.2333333
DD_DC,1.266666667,51,503,1.2666667
PD_PC,1.266666667,51,504,1.2666668
ED_EC,1.3,51,505,1.3000000
PC_PD,1.316666667,51,506,1.3166667
DC_DD,1.366666667,51,507,1.3666667
SD_SC,1.4,51,508,1.4000000
EC_ED,1.416666667,51,509,1.4166667
SC_SD,1.45,51,510,1.4500000
PC_PD,1.483333333,51,511,1.4833333
SD_SC,1.5,51,512,1.5000000
EC_ED,1.666666667,51,513,1.6666667
EC_ED,1.783333333,51,514,1.7833333
SC_SD,1.783333333,51,515,1.7833334
SD_SC,1.866666667,51,516,1.8666667
ED_EC,1.866666667,51,517,1.8666668
SC_SD,2.05,51,518,2.0500000
PD_PC,2.166666667,51,519,2.1666667
EC_ED,2.2,51,520,2.2000000
SD_SC,2.25,51,521,2.2500000
DD_DC,2.45,51,522,2.4500000
ED_EC,2.483333333,51,523,2.4833333
EC_ED,2.533333333,51,524,2.5333333
DC_DD,2.55,51,525,2.5500000
ED_EC,2.65,51,526,2.6500000
PD_PC,2.683333333,51,527,2.6833333
EC_ED,2.783333333,51,528,2.7833333
ED_EC,2.866666667,51,529,2.8666667
EC_ED,2.916666667,51,530,2.9166667
SC_SD,2.966666667,51,531,2.9666667
EC_ED,3.033333333,51,532,3.0333333
PD_PC,3.083333333,51,533,3.0833333
PC_PD,3.183333333,51,534,3.1833333
SC_SD,3.4,51,535,3.4000000
DD_DC,3.45,51,536,3.4500000
ED_EC,3.533333333,51,537,3.5333333
EC_ED,3.583333333,51,538,3.5833333
DD_DC,3.583333333,51,539,3.5833334
DC_DD,3.65,51,540,3.6500000
ED_EC,3.7,51,541,3.7000000
PC_PD,3.75,51,542,3.7500000
EC_ED,3.766666667,51,543,3.7666667
SD_SC,3.8,51,544,3.8000000
DD_DC,3.833333333,51,545,3.8333333
PD_PC,3.85,51,546,3.8500000
SC_SD,3.85,51,547,3.8500001
SD_SC,3.866666667,51,548,3.8666667
SC_SD,3.916666667,51,549,3.9166667
DD_DC,4.233333333,51,550,4.2333333
SD_SC,4.283333333,51,551,4.2833333
PC_COM,4.283333333,51,552,4.2833334
DC_DD,4.316666667,51,553,4.3166667
SD_SC,4.333333333,51,554,4.3333333
PD_PC,4.383333333,51,555,4.3833333
DD_DC,4.433333333,51,556,4.4333333
SD_SC,4.44,51,557,4.4400000
PC_PD,4.45,51,558,4.4500000
EC_ED,4.5,51,559,4.5000000
SC_SD,4.533333333,51,560,4.5333333
DC_DD,4.566666667,51,561,4.5666667
SD_SC,4.583333333,51,562,4.5833333
DD_DC,4.65,51,563,4.6500000
PC_PD,4.683333333,51,564,4.6833333
EC_ED,4.716666667,51,565,4.7166667
PD_PC,4.733333333,51,566,4.7333333
SC_SD,4.733333333,51,567,4.7333334
SD_SC,4.783333333,51,568,4.7833333
EC_ED,4.8,51,569,4.8000000
SD_SC,4.833333333,51,570,4.8333333
SC_SD,4.883333333,51,571,4.8833333
EC_ED,5.116666667,51,572,5.1166667
EC_ED,5.266666667,51,573,5.2666667
ED_EC,5.333333333,51,574,5.3333333
PD_PC,5.333333333,51,575,5.3333334
PC_PD,5.383333333,51,576,5.3833333
EC_ED,5.4,51,577,5.4000000
SD_SC,5.416666667,51,578,5.4166667
PD_PC,5.633333333,51,579,5.6333333
SD_SC,5.666666667,51,580,5.6666667
PC_PD,5.7,51,581,5.7000000
SD_SC,5.733333333,51,582,5.7333333
SC_SD,5.733333333,51,583,5.7333334
PD_PC,5.75,51,584,5.7500000
SD_SC,5.783333333,51,585,5.7833333
SD_SC,5.816666667,51,586,5.8166667
SC_SD,5.866666667,51,587,5.8666667
SD_SC,5.883333333,51,588,5.8833333
PC_PD,5.916666667,51,589,5.9166667
DC_DD,5.933333333,51,590,5.9333333
DD_DC,6.016666667,51,591,6.0166667
PD_PC,6.066666667,51,592,6.0666667
PC_PD,6.233333333,51,593,6.2333333
SC_SD,6.316666667,51,594,6.3166667
DD_DC,6.4,51,595,6.4000000
EC_ED,6.433333333,51,596,6.4333333
DC_DD,6.45,51,597,6.4500000
PC_PD,6.45,51,598,6.4500001
ED_EC,6.5,51,599,6.5000000
EC_ED,6.51,51,600,6.5100000
PC_PD,6.52,51,601,6.5200000
PD_PC,6.533333333,51,602,6.5333333
ED_EC,6.616666667,51,603,6.6166667
ED_EC,6.85,51,604,6.8500000
EC_ED,6.916666667,51,605,6.9166667
ED_EC,7.016666667,51,606,7.0166667
SD_SC,7.033333333,51,607,7.0333333
EC_ED,7.133333333,51,608,7.1333333
SD_SC,7.133333333,51,609,7.1333334
PC_PD,7.166666667,51,610,7.1666667
SC_SD,7.183333333,51,611,7.1833333
PD_PC,7.2,51,612,7.2000000
PC_PD,7.25,51,613,7.2500000
PC_PD,7.266666667,51,614,7.2666667
PD_PC,7.383333333,51,615,7.3833333
EC_ED,7.5,51,616,7.5000000
DD_DC,7.533333333,51,617,7.5333333
PC_PD,7.533333333,51,618,7.5333334
DC_DD,7.6,51,619,7.6000000
PD_PC,7.633333333,51,620,7.6333333
DD_DC,7.633333333,51,621,7.6333334
EC_ED,7.683333333,51,622,7.6833333
PC_PD,7.683333333,51,623,7.6833334
EC_ED,7.733333333,51,624,7.7333333
PC_PD,7.783333333,51,625,7.7833333
ED_EC,7.833333333,51,626,7.8333333
PC_PD,7.85,51,627,7.8500000
EC_ED,7.9,51,628,7.9000000
PD_PC,7.916666667,51,629,7.9166667
SD_SC,7.966666667,51,630,7.9666667
ED_EC,8.016666667,51,631,8.0166667
EC_ED,8.05,51,632,8.0500000
EC_ED,8.1,51,633,8.1000000
DC_DD,8.233333333,51,634,8.2333333
EC_ED,8.35,51,635,8.3500000
DD_DC,8.4,51,636,8.4000000
DC_DD,8.45,51,637,8.4500000
DD_DC,8.5,51,638,8.5000000
DD_DC,8.55,51,639,8.5500000
ED_EC,8.55,51,640,8.5500001
EC_ED,8.55,51,641,8.5500002
DC_DD,8.666666667,51,642,8.6666667
SC_SD,8.7,51,643,8.7000000
DD_DC,8.7,51,644,8.7000001
SD_SC,8.733333333,51,645,8.7333333
PC_PD,8.733333333,51,646,8.7333334
SD_SC,8.75,51,647,8.7500000
PD_PC,8.766666667,51,648,8.7666667
EC_ED,8.8,51,649,8.8000000
PC_PD,8.816666667,51,650,8.8166667
EC_ED,8.983333333,51,651,8.9833333
ED_EC,9.15,51,652,9.1500000
EC_ED,9.216666667,51,653,9.2166667
SD_SC,9.333333333,51,654,9.3333333
EC_ED,9.516666667,51,655,9.5166667
DC_DD,9.6,51,656,9.6000000
DD_DC,9.7,51,657,9.7000000
PC_COM,9.8,51,658,9.8000000
PD_PC,9.833333333,51,659,9.8333333
SC_SD,10,51,660,10.0000000
SD_SC,10.03333333,51,661,10.0333333
EC_ED,10.03333333,51,662,10.0333334
EC_ED,10.25,51,663,10.2500000
SD_SC,10.55,51,664,10.5500000
SC_SD,10.6,51,665,10.6000000
SD_SC,10.66666667,51,666,10.6666667
PC_PD,10.75,51,667,10.7500000
SD_SC,10.83333333,51,668,10.8333333
EC_ED,11.1,51,669,11.1000000
PC_PD,11.11666667,51,670,11.1166667
ED_EC,11.2,51,671,11.2000000
SD_SC,11.26666667,51,672,11.2666667
ED_EC,11.26666667,51,673,11.2666668
ED_EC,11.31666667,51,674,11.3166667
ED_EC,11.38333333,51,675,11.3833333
EC_ED,11.48333333,51,676,11.4833333
PD_PC,11.55,51,677,11.5500000
PC_PD,11.6,51,678,11.6000000
PD_PC,11.63333333,51,679,11.6333333
ED_EC,11.68333333,51,680,11.6833333
SD_SC,11.71666667,51,681,11.7166667
EC_ED,11.71666667,51,682,11.7166668
PC_PD,11.71666667,51,683,11.7166669
ED_EC,11.73333333,51,684,11.7333333
ED_EC,11.75,51,685,11.7500000
SD_SC,11.78333333,51,686,11.7833333
PD_PC,12.2,51,687,12.2000000
EC_ED,12.3,51,688,12.3000000
ED_EC,12.41666667,51,689,12.4166667
EC_ED,12.43333333,51,690,12.4333333
EC_ED,12.81666667,51,691,12.8166667
EC_ED,13.06666667,51,692,13.0666667
EC_ED,13.15,51,693,13.1500000
EC_ED,13.83333333,51,694,13.8333333
SC_SD,14.36666667,51,695,14.3666667
ED_EC,14.36666667,51,696,14.3666668
EC_ED,14.4,51,697,14.4000000
ED_EC,14.45,51,698,14.4500000
SC_SD,14.48333333,51,699,14.4833333
EC_ED,14.5,51,700,14.5000000
SD_SC,14.55,51,701,14.5500000
EC_ED,14.61666667,51,702,14.6166667
EC_ED,14.73333333,51,703,14.7333333
EC_ED,14.96666667,51,704,14.9666667
PC_COM,15.06666667,51,705,15.0666667
EC_ED,15.13333333,51,706,15.1333333
ED_EC,15.33333333,51,707,15.3333333
EC_ED,15.36666667,51,708,15.3666667
SC_COM,15.38333333,51,709,15.3833333
SD_SC,15.41666667,51,710,15.4166667
PC_PD,15.46666667,51,711,15.4666667
EC_ED,15.81666667,51,712,15.8166667
SD_SC,16.18333333,51,713,16.1833333
PC_COM,16.2,51,714,16.2000000
PC_COM,16.21666667,51,715,16.2166667
PD_PC,16.21666667,51,716,16.2166668
PC_PD,16.26666667,51,717,16.2666667
SC_SD,16.28333333,51,718,16.2833333
PD_PC,16.43333333,51,719,16.4333333
ED_EC,16.63333333,51,720,16.6333333
EC_ED,16.71666667,51,721,16.7166667
EC_ED,16.8,51,722,16.8000000
EC_ED,16.85,51,723,16.8500000
SD_SC,17.01666667,51,724,17.0166667
SD_SC,0.35,52,725,0.3500000
EC_ED,0.366666667,52,726,0.3666667
SD_SC,0.483333333,52,727,0.4833333
PD_PC,0.55,52,728,0.5500000
PC_PD,0.583333333,52,729,0.5833333
PD_PC,0.616666667,52,730,0.6166667
EC_ED,0.666666667,52,731,0.6666667
ED_EC,0.75,52,732,0.7500000
EC_ED,0.783333333,52,733,0.7833333
ED_EC,0.8,52,734,0.8000000
PC_PD,0.816666667,52,735,0.8166667
EC_ED,0.933333333,52,736,0.9333333
EC_ED,1.1,52,737,1.1000000
EC_ED,1.183333333,52,738,1.1833333
PC_PD,1.216666667,52,739,1.2166667
PC_PD,1.25,52,740,1.2500000
PD_PC,1.266666667,52,741,1.2666667
SC_SD,1.283333333,52,742,1.2833333
SC_SD,1.3,52,743,1.3000000
SD_SC,1.316666667,52,744,1.3166667
ED_EC,1.366666667,52,745,1.3666667
SD_SC,1.433333333,52,746,1.4333333
EC_ED,1.55,52,747,1.5500000
SD_SC,1.6,52,748,1.6000000
ED_EC,1.65,52,749,1.6500000
ED_EC,1.683333333,52,750,1.6833333
ED_EC,1.7,52,751,1.7000000
ED_EC,1.716666667,52,752,1.7166667
EC_ED,1.733333333,52,753,1.7333333
DC_DD,1.783333333,52,754,1.7833333
ED_EC,1.833333333,52,755,1.8333333
DD_DC,1.833333333,52,756,1.8333334
ED_EC,1.85,52,757,1.8500000
EC_ED,1.883333333,52,758,1.8833333
DD_DC,1.966666667,52,759,1.9666667
PD_PC,2.083333333,52,760,2.0833333
PC_PD,2.083333333,52,761,2.0833334
DD_DC,2.133333333,52,762,2.1333333
DC_DD,2.3,52,763,2.3000000
SC_SD,2.316666667,52,764,2.3166667
SD_SC,2.333333333,52,765,2.3333333
DD_DC,2.35,52,766,2.3500000
SC_SD,2.383333333,52,767,2.3833333
EC_ED,2.4,52,768,2.4000000
ED_EC,2.416666667,52,769,2.4166667
ED_EC,2.433333333,52,770,2.4333333
PD_PC,2.45,52,771,2.4500000
ED_EC,2.483333333,52,772,2.4833333
DD_DC,2.516666667,52,773,2.5166667
PC_PD,2.516666667,52,774,2.5166668
ED_EC,2.55,52,775,2.5500000
DD_DC,2.583333333,52,776,2.5833333
EC_ED,2.583333333,52,777,2.5833334
PD_PC,2.6,52,778,2.6000000
SD_SC,2.683333333,52,779,2.6833333
SC_SD,2.716666667,52,780,2.7166667
PD_PC,2.75,52,781,2.7500000
SD_SC,2.766666667,52,782,2.7666667
DD_DC,2.783333333,52,783,2.7833333
PC_PD,2.8,52,784,2.8000000
SC_SD,2.833333333,52,785,2.8333333
DD_DC,2.9,52,786,2.9000000
PD_PC,2.916666667,52,787,2.9166667
PC_PD,2.966666667,52,788,2.9666667
EC_ED,2.966666667,52,789,2.9666668
ED_EC,2.983333333,52,790,2.9833333
DD_DC,2.983333333,52,791,2.9833334
SD_SC,3.116666667,52,792,3.1166667
DC_DD,3.183333333,52,793,3.1833333
SD_SC,3.183333333,52,794,3.1833334
SC_SD,3.233333333,52,795,3.2333333
DD_DC,3.266666667,52,796,3.2666667
EC_ED,3.4,52,797,3.4000000
DD_DC,3.416666667,52,798,3.4166667
DD_DC,3.466666667,52,799,3.4666667
SC_SD,3.466666667,52,800,3.4666668
ED_EC,3.483333333,52,801,3.4833333
PD_PC,3.5,52,802,3.5000000
PC_PD,3.516666667,52,803,3.5166667
DD_DC,3.516666667,52,804,3.5166668
EC_ED,3.533333333,52,805,3.5333333
DD_DC,3.6,52,806,3.6000000
EC_ED,3.7,52,807,3.7000000
SD_SC,3.75,52,808,3.7500000
SC_SD,3.76,52,809,3.7600000
PD_PC,3.883333333,52,810,3.8833333
PC_PD,3.916666667,52,811,3.9166667
EC_ED,3.983333333,52,812,3.9833333
PD_PC,4.05,52,813,4.0500000
PC_PD,4.066666667,52,814,4.0666667
SC_SD,4.1,52,815,4.1000000
SC_SD,4.216666667,52,816,4.2166667
EC_ED,4.25,52,817,4.2500000
EC_ED,4.35,52,818,4.3500000
ED_EC,4.416666667,52,819,4.4166667
EC_ED,4.45,52,820,4.4500000
PC_PD,4.466666667,52,821,4.4666667
EC_ED,4.466666667,52,822,4.4666668
PD_PC,4.533333333,52,823,4.5333333
DC_DD,4.566666667,52,824,4.5666667
ED_EC,4.583333333,52,825,4.5833333
PC_PD,4.616666667,52,826,4.6166667
PD_PC,4.616666667,52,827,4.6166668
SD_SC,4.633333333,52,828,4.6333333
PC_PD,4.65,52,829,4.6500000
SD_SC,4.666666667,52,830,4.6666667
EC_ED,4.666666667,52,831,4.6666668
SD_SC,4.733333333,52,832,4.7333333
SC_SD,4.8,52,833,4.8000000
SD_SC,4.85,52,834,4.8500000
PD_PC,4.883333333,52,835,4.8833333
PC_PD,4.916666667,52,836,4.9166667
EC_ED,5.283333333,52,837,5.2833333
DC_DD,5.333333333,52,838,5.3333333
PC_PD,5.35,52,839,5.3500000
ED_EC,5.366666667,52,840,5.3666667
SD_SC,5.383333333,52,841,5.3833333
PC_PD,5.4,52,842,5.4000000
PC_PD,5.433333333,52,843,5.4333333
SD_SC,5.433333333,52,844,5.4333334
EC_ED,5.433333333,52,845,5.4333335
PC_PD,5.466666667,52,846,5.4666667
SC_SD,5.483333333,52,847,5.4833333
PD_PC,5.516666667,52,848,5.5166667
SC_SD,5.55,52,849,5.5500000
SD_SC,5.55,52,850,5.5500001
EC_ED,5.583333333,52,851,5.5833333
SC_SD,5.6,52,852,5.6000000
SD_SC,5.683333333,52,853,5.6833333
SC_SD,5.716666667,52,854,5.7166667
SD_SC,5.75,52,855,5.7500000
EC_ED,5.883333333,52,856,5.8833333
SD_SC,5.9,52,857,5.9000000
SC_COM,5.916666667,52,858,5.9166667
SD_SC,5.95,52,859,5.9500000
PC_COM,6.066666667,52,860,6.0666667
DC_COM,6.15,52,861,6.1500000
PD_PC,6.15,52,862,6.1500001
ED_EC,6.183333333,52,863,6.1833333
SC_COM,6.184,52,864,6.1840000
DC_COM,6.25,52,865,6.2500000
SD_SC,6.283333333,52,866,6.2833333
EC_ED,6.366666667,52,867,6.3666667
PC_PD,6.433333333,52,868,6.4333333
PD_PC,6.483333333,52,869,6.4833333
PC_PD,6.516666667,52,870,6.5166667
ED_EC,6.55,52,871,6.5500000
PD_PC,6.6,52,872,6.6000000
PC_PD,6.683333333,52,873,6.6833333
PD_PC,6.716666667,52,874,6.7166667
PC_PD,6.766666667,52,875,6.7666667
SD_SC,6.933333333,52,876,6.9333333
PD_PC,7.016666667,52,877,7.0166667
SD_SC,7.033333333,52,878,7.0333333
SC_SD,7.366666667,52,879,7.3666667
SD_SC,7.4,52,880,7.4000000
PD_PC,7.416666667,52,881,7.4166667
PC_PD,7.45,52,882,7.4500000
EC_ED,7.5,52,883,7.5000000
ED_EC,7.533333333,52,884,7.5333333
EC_ED,7.55,52,885,7.5500000
DC_COM,7.7,52,886,7.7000000
ED_EC,7.716666667,52,887,7.7166667
SC_SD,7.766666667,52,888,7.7666667
SD_SC,7.783333333,52,889,7.7833333
ED_EC,7.833333333,52,890,7.8333333
EC_ED,7.883333333,52,891,7.8833333
ED_EC,7.966666667,52,892,7.9666667
SD_SC,8.016666667,52,893,8.0166667
EC_ED,8.1,52,894,8.1000000
PC_PD,8.116666667,52,895,8.1166667
SD_SC,8.183333333,52,896,8.1833333
EC_ED,8.2,52,897,8.2000000
PD_PC,8.216666667,52,898,8.2166667
SC_SD,8.233333333,52,899,8.2333333
SD_SC,8.3,52,900,8.3000000
SD_SC,8.35,52,901,8.3500000
SC_SD,8.416666667,52,902,8.4166667
PC_COM,8.416666667,52,903,8.4166668
SD_SC,8.466666667,52,904,8.4666667
EC_COM,8.483333333,52,905,8.4833333
SC_COM,8.483333333,52,906,8.4833334
SC_COM,8.483333333,52,907,8.4833335
SC_COM,8.483333333,52,908,8.4833336
SD_SC,8.516666667,52,909,8.5166667
DC_COM,8.55,52,910,8.5500000
SC_COM,8.633333333,52,911,8.6333333
EC_ED,8.683333333,52,912,8.6833333
EC_ED,8.85,52,913,8.8500000
SD_SC,8.866666667,52,914,8.8666667
SC_SD,8.933333333,52,915,8.9333333
SD_SC,8.966666667,52,916,8.9666667
ED_EC,9.033333333,52,917,9.0333333
EC_ED,9.15,52,918,9.1500000
EC_ED,9.3,52,919,9.3000000
SC_SD,9.4,52,920,9.4000000
SD_SC,9.45,52,921,9.4500000
EC_ED,9.716666667,52,922,9.7166667
EC_ED,9.833333333,52,923,9.8333333
EC_ED,9.916666667,52,924,9.9166667
SC_SD,10.36666667,52,925,10.3666667
EC_ED,10.36666667,52,926,10.3666668
SD_SC,10.38333333,52,927,10.3833333
ED_EC,10.5,52,928,10.5000000
SC_SD,10.51666667,52,929,10.5166667
SD_SC,10.55,52,930,10.5500000
ED_EC,10.6,52,931,10.6000000
EC_COM,10.6,52,932,10.6000001
ED_EC,10.63333333,52,933,10.6333333
SD_SC,10.65,52,934,10.6500000
SD_SC,10.8,52,935,10.8000000
EC_COM,10.91666667,52,936,10.9166667
SD_SC,11.05,52,937,11.0500000
ED_EC,11.06,52,938,11.0600000
ED_EC,11.1,52,939,11.1000000
EC_COM,11.11666667,52,940,11.1166667
SD_SC,11.11666667,52,941,11.1166668
EC_ED,11.15,52,942,11.1500000
SC_SD,11.28333333,52,943,11.2833333
SD_SC,11.5,52,944,11.5000000
PD_PC,11.55,52,945,11.5500000
PC_PD,11.6,52,946,11.6000000
PD_PC,11.65,52,947,11.6500000
SD_SC,11.71666667,52,948,11.7166667
SD_SC,11.78333333,52,949,11.7833333
SD_SC,11.88333333,52,950,11.8833333
SD_SC,12.33333333,52,951,12.3333333
SC_SD,12.38333333,52,952,12.3833333
SD_SC,12.4,52,953,12.4000000
SC_SD,12.51666667,52,954,12.5166667
SD_SC,12.55,52,955,12.5500000
SC_SD,12.65,52,956,12.6500000
SC_COM,12.7,52,957,12.7000000
SD_SC,12.78333333,52,958,12.7833333
PC_PD,12.83333333,52,959,12.8333333
SC_COM,12.83333333,52,960,12.8333334
EC_COM,12.86666667,52,961,12.8666667
EC_ED,12.95,52,962,12.9500000
SC_COM,13.06666667,52,963,13.0666667
SD_SC,13.11666667,52,964,13.1166667
EC_COM,13.15,52,965,13.1500000
SD_SC,13.35,52,966,13.3500000
SC_COM,13.43333333,52,967,13.4333333
PC_PD,13.48333333,52,968,13.4833333
PD_PC,13.51666667,52,969,13.5166667
PD_PC,13.58333333,52,970,13.5833333
EC_ED,13.63333333,52,971,13.6333333
PC_PD,13.75,52,972,13.7500000
SD_SC,13.78333333,52,973,13.7833333
SC_COM,13.85,52,974,13.8500000
SD_SC,13.9,52,975,13.9000000
SD_SC,14,52,976,14.0000000
PC_PD,14.03333333,52,977,14.0333333
SD_SC,14.06666667,52,978,14.0666667
ED_EC,14.08333333,52,979,14.0833333
SD_SC,14.1,52,980,14.1000000
ED_EC,14.11666667,52,981,14.1166667
EC_ED,14.16666667,52,982,14.1666667
SD_SC,14.21666667,52,983,14.2166667
EC_ED,14.26666667,52,984,14.2666667
EC_ED,14.33333333,52,985,14.3333333
EC_COM,14.35,52,986,14.3500000
ED_EC,14.36666667,52,987,14.3666667
EC_ED,14.4,52,988,14.4000000
PC_PD,14.4,52,989,14.4000001
SD_SC,14.4,52,990,14.4000002
PD_PC,14.43333333,52,991,14.4333333
ED_EC,14.48333333,52,992,14.4833333
ED_EC,14.5,52,993,14.5000000
ED_EC,14.51,52,994,14.5100000
PC_PD,14.51666667,52,995,14.5166667
PD_PC,14.55,52,996,14.5500000
ED_EC,14.58333333,52,997,14.5833333
PC_PD,14.58333333,52,998,14.5833334
EC_ED,14.6,52,999,14.6000000
SD_SC,14.91666667,52,1000,14.9166667
SD_SC,14.96666667,52,1001,14.9666667
SC_COM,15.05,52,1002,15.0500000
SD_SC,15.13333333,52,1003,15.1333333
SD_SC,15.23333333,52,1004,15.2333333
SC_COM,15.41666667,52,1005,15.4166667
SD_SC,15.45,52,1006,15.4500000
SD_SC,15.55,52,1007,15.5500000
SD_SC,15.6,52,1008,15.6000000
SD_SC,15.7,52,1009,15.7000000
SD_SC,15.76666667,52,1010,15.7666667
SD_SC,15.95,52,1011,15.9500000
SC_COM,16.11666667,52,1012,16.1166667
DC_DD,0.183333333,61,1013,0.1833333
ED_EC,0.2,61,1014,0.2000000
DD_DC,0.25,61,1015,0.2500000
EC_ED,0.266666667,61,1016,0.2666667
PD_PC,0.266666667,61,1017,0.2666668
SD_SC,0.283333333,61,1018,0.2833333
PC_PD,0.3,61,1019,0.3000000
DC_DD,0.316666667,61,1020,0.3166667
PC_PD,0.35,61,1021,0.3500000
SC_SD,0.366666667,61,1022,0.3666667
SD_SC,0.416666667,61,1023,0.4166667
SD_SC,0.466666667,61,1024,0.4666667
EC_ED,0.5,61,1025,0.5000000
SC_SD,0.51,61,1026,0.5100000
PD_PC,0.55,61,1027,0.5500000
PD_PC,0.633333333,61,1028,0.6333333
PC_PD,0.633333333,61,1029,0.6333334
PD_PC,0.716666667,61,1030,0.7166667
DC_DD,0.75,61,1031,0.7500000
SC_SD,0.8,61,1032,0.8000000
PC_PD,0.816666667,61,1033,0.8166667
PD_PC,0.833333333,61,1034,0.8333333
DD_DC,0.9,61,1035,0.9000000
PD_PC,0.916666667,61,1036,0.9166667
EC_ED,0.95,61,1037,0.9500000
SD_SC,0.983333333,61,1038,0.9833333
ED_EC,1,61,1039,1.0000000
DC_DD,1.016666667,61,1040,1.0166667
PC_PD,1.033333333,61,1041,1.0333333
PD_PC,1.116666667,61,1042,1.1166667
DC_DD,1.116666667,61,1043,1.1166668
DD_DC,1.166666667,61,1044,1.1666667
PC_PD,1.183333333,61,1045,1.1833333
SC_SD,1.2,61,1046,1.2000000
ED_EC,1.216666667,61,1047,1.2166667
DC_DD,1.233333333,61,1048,1.2333333
PD_PC,1.25,61,1049,1.2500000
EC_ED,1.26,61,1050,1.2600000
DD_DC,1.3,61,1051,1.3000000
ED_EC,1.333333333,61,1052,1.3333333
SD_SC,1.366666667,61,1053,1.3666667
DC_DD,1.383333333,61,1054,1.3833333
EC_ED,1.383333333,61,1055,1.3833334
SC_SD,1.5,61,1056,1.5000000
DC_DD,1.533333333,61,1057,1.5333333
SD_SC,1.616666667,61,1058,1.6166667
PD_PC,1.7,61,1059,1.7000000
DD_DC,1.716666667,61,1060,1.7166667
PC_PD,1.766666667,61,1061,1.7666667
DC_DD,1.8,61,1062,1.8000000
SD_SC,1.833333333,61,1063,1.8333333
SC_SD,1.916666667,61,1064,1.9166667
PD_PC,1.916666667,61,1065,1.9166668
DD_DC,1.916666667,61,1066,1.9166669
ED_EC,1.916666667,61,1067,1.9166670
DC_DD,1.933333333,61,1068,1.9333333
PC_PD,1.966666667,61,1069,1.9666667
EC_ED,1.983333333,61,1070,1.9833333
SD_SC,2,61,1071,2.0000000
SC_SD,2.05,61,1072,2.0500000
DC_DD,2.066666667,61,1073,2.0666667
PC_PD,2.083333333,61,1074,2.0833333
SD_SC,2.083333333,61,1075,2.0833334
PD_PC,2.133333333,61,1076,2.1333333
ED_EC,2.133333333,61,1077,2.1333334
PC_PD,2.166666667,61,1078,2.1666667
EC_ED,2.183333333,61,1079,2.1833333
SC_SD,2.25,61,1080,2.2500000
SD_SC,2.3,61,1081,2.3000000
DC_DD,2.333333333,61,1082,2.3333333
PC_PD,2.383333333,61,1083,2.3833333
SC_SD,2.416666667,61,1084,2.4166667
DC_DD,2.433333333,61,1085,2.4333333
SC_SD,2.5,61,1086,2.5000000
SD_SC,2.583333333,61,1087,2.5833333
DC_DD,2.616666667,61,1088,2.6166667
DD_DC,2.683333333,61,1089,2.6833333
EC_ED,2.733333333,61,1090,2.7333333
PD_PC,2.75,61,1091,2.7500000
PC_PD,2.766666667,61,1092,2.7666667
DC_DD,2.783333333,61,1093,2.7833333
DD_DC,2.8,61,1094,2.8000000
PC_PD,2.85,61,1095,2.8500000
PD_PC,2.866666667,61,1096,2.8666667
DD_DC,2.95,61,1097,2.9500000
DC_DD,2.95,61,1098,2.9500001
DC_DD,2.983333333,61,1099,2.9833333
EC_ED,3.033333333,61,1100,3.0333333
PC_PD,3.05,61,1101,3.0500000
PD_PC,3.15,61,1102,3.1500000
EC_ED,3.25,61,1103,3.2500000
DC_DD,3.283333333,61,1104,3.2833333
PC_PD,3.283333333,61,1105,3.2833334
DD_DC,3.316666667,61,1106,3.3166667
SD_SC,3.35,61,1107,3.3500000
DC_DD,3.366666667,61,1108,3.3666667
DD_DC,3.366666667,61,1109,3.3666668
PD_PC,3.366666667,61,1110,3.3666669
SD_SC,3.383333333,61,1111,3.3833333
PD_PC,3.433333333,61,1112,3.4333333
ED_EC,3.45,61,1113,3.4500000
PC_PD,3.466666667,61,1114,3.4666667
SC_SD,3.5,61,1115,3.5000000
PD_PC,3.55,61,1116,3.5500000
DD_DC,3.583333333,61,1117,3.5833333
DC_DD,3.616666667,61,1118,3.6166667
DD_DC,3.7,61,1119,3.7000000
SC_SD,3.783333333,61,1120,3.7833333
PD_PC,3.8,61,1121,3.8000000
PC_PD,3.833333333,61,1122,3.8333333
PC_PD,3.883333333,61,1123,3.8833333
DD_DC,3.933333333,61,1124,3.9333333
PC_PD,3.966666667,61,1125,3.9666667
EC_ED,3.983333333,61,1126,3.9833333
DC_DD,4,61,1127,4.0000000
ED_EC,4.03,61,1128,4.0300000
ED_EC,4.05,61,1129,4.0500000
SC_SD,4.116666667,61,1130,4.1166667
ED_EC,4.183333333,61,1131,4.1833333
DC_DD,4.183333333,61,1132,4.1833334
EC_ED,4.216666667,61,1133,4.2166667
DC_DD,4.266666667,61,1134,4.2666667
ED_EC,4.316666667,61,1135,4.3166667
DC_DD,4.316666667,61,1136,4.3166668
DD_DC,4.333333333,61,1137,4.3333333
PD_PC,4.333333333,61,1138,4.3333334
SD_SC,4.366666667,61,1139,4.3666667
PC_PD,4.383333333,61,1140,4.3833333
EC_ED,4.4,61,1141,4.4000000
SC_SD,4.416666667,61,1142,4.4166667
ED_EC,4.483333333,61,1143,4.4833333
SD_SC,4.5,61,1144,4.5000000
EC_ED,4.55,61,1145,4.5500000
SD_SC,4.566666667,61,1146,4.5666667
PC_PD,4.6,61,1147,4.6000000
SD_SC,4.616666667,61,1148,4.6166667
DC_DD,4.616666667,61,1149,4.6166668
PD_PC,4.616666667,61,1150,4.6166669
DD_DC,4.666666667,61,1151,4.6666667
ED_EC,4.683333333,61,1152,4.6833333
PC_PD,4.716666667,61,1153,4.7166667
EC_ED,4.75,61,1154,4.7500000
DC_DD,4.816666667,61,1155,4.8166667
PD_PC,4.9,61,1156,4.9000000
ED_EC,4.9,61,1157,4.9000001
DD_DC,4.9,61,1158,4.9000002
SD_SC,4.9,61,1159,4.9000003
SC_SD,4.916666667,61,1160,4.9166667
EC_ED,4.933333333,61,1161,4.9333333
PC_PD,4.966666667,61,1162,4.9666667
PD_PC,5.033333333,61,1163,5.0333333
SD_SC,5.033333333,61,1164,5.0333334
PD_PC,5.066666667,61,1165,5.0666667
SC_SD,5.1,61,1166,5.1000000
SD_SC,5.1,61,1167,5.1000001
DC_DD,5.116666667,61,1168,5.1166667
SC_SD,5.183333333,61,1169,5.1833333
DD_DC,5.233333333,61,1170,5.2333333
DD_DC,5.25,61,1171,5.2500000
DC_DD,5.283333333,61,1172,5.2833333
PD_PC,5.3,61,1173,5.3000000
SC_SD,5.333333333,61,1174,5.3333333
SD_SC,5.383333333,61,1175,5.3833333
PC_PD,5.4,61,1176,5.4000000
PD_PC,5.4,61,1177,5.4000001
PD_PC,5.45,61,1178,5.4500000
SD_SC,5.45,61,1179,5.4500001
DC_DD,5.516666667,61,1180,5.5166667
PC_PD,5.533333333,61,1181,5.5333333
PD_PC,5.533333333,61,1182,5.5333334
PC_PD,5.583333333,61,1183,5.5833333
SC_SD,5.6,61,1184,5.6000000
SD_SC,5.65,61,1185,5.6500000
PD_PC,5.65,61,1186,5.6500001
PC_PD,5.7,61,1187,5.7000000
DD_DC,5.733333333,61,1188,5.7333333
EC_ED,5.766666667,61,1189,5.7666667
SC_SD,5.783333333,61,1190,5.7833333
DC_DD,5.816666667,61,1191,5.8166667
ED_EC,5.833333333,61,1192,5.8333333
SC_SD,5.866666667,61,1193,5.8666667
EC_ED,5.883333333,61,1194,5.8833333
PC_PD,5.95,61,1195,5.9500000
SD_SC,5.966666667,61,1196,5.9666667
EC_ED,5.983333333,61,1197,5.9833333
PD_PC,5.983333333,61,1198,5.9833334
PC_PD,6.016666667,61,1199,6.0166667
DC_DD,6.05,61,1200,6.0500000
PC_PD,6.05,61,1201,6.0500001
PC_PD,6.116666667,61,1202,6.1166667
DC_DD,6.116666667,61,1203,6.1166668
DD_DC,6.2,61,1204,6.2000000
PC_PD,6.233333333,61,1205,6.2333333
PD_PC,6.266666667,61,1206,6.2666667
SD_SC,6.283333333,61,1207,6.2833333
DC_DD,6.366666667,61,1208,6.3666667
SD_SC,6.383333333,61,1209,6.3833333
SD_SC,6.416666667,61,1210,6.4166667
SC_SD,6.433333333,61,1211,6.4333333
PC_PD,6.466666667,61,1212,6.4666667
PD_PC,6.466666667,61,1213,6.4666668
SD_SC,6.466666667,61,1214,6.4666669
SD_SC,6.566666667,61,1215,6.5666667
DD_DC,6.566666667,61,1216,6.5666668
PD_PC,6.6,61,1217,6.6000000
SC_SD,6.6,61,1218,6.6000001
DC_DD,6.616666667,61,1219,6.6166667
PC_PD,6.633333333,61,1220,6.6333333
ED_EC,6.65,61,1221,6.6500000
SC_SD,6.666666667,61,1222,6.6666667
EC_ED,6.7,61,1223,6.7000000
SD_SC,6.716666667,61,1224,6.7166667
PC_PD,6.733333333,61,1225,6.7333333
SC_SD,6.766666667,61,1226,6.7666667
SD_SC,6.8,61,1227,6.8000000
SC_SD,6.833333333,61,1228,6.8333333
PD_PC,6.866666667,61,1229,6.8666667
ED_EC,6.916666667,61,1230,6.9166667
PC_PD,6.933333333,61,1231,6.9333333
DC_DD,6.983333333,61,1232,6.9833333
PC_PD,7,61,1233,7.0000000
SC_SD,7.066666667,61,1234,7.0666667
EC_ED,7.083333333,61,1235,7.0833333
PD_PC,7.116666667,61,1236,7.1166667
SC_SD,7.133333333,61,1237,7.1333333
ED_EC,7.15,61,1238,7.1500000
SD_SC,7.15,61,1239,7.1500001
DC_COM,7.2,61,1240,7.2000000
EC_ED,7.216666667,61,1241,7.2166667
SD_SC,7.216666667,61,1242,7.2166668
EC_ED,7.283333333,61,1243,7.2833333
DC_DD,7.316666667,61,1244,7.3166667
ED_EC,7.316666667,61,1245,7.3166668
PD_PC,7.333333333,61,1246,7.3333333
EC_ED,7.366666667,61,1247,7.3666667
DD_DC,7.366666667,61,1248,7.3666668
DD_DC,7.433333333,61,1249,7.4333333
PC_PD,7.483333333,61,1250,7.4833333
DC_DD,7.516666667,61,1251,7.5166667
EC_ED,7.55,61,1252,7.5500000
PD_PC,7.566666667,61,1253,7.5666667
DD_DC,7.6,61,1254,7.6000000
PD_PC,7.616666667,61,1255,7.6166667
EC_ED,7.65,61,1256,7.6500000
SD_SC,7.666666667,61,1257,7.6666667
SC_SD,7.75,61,1258,7.7500000
PD_PC,7.783333333,61,1259,7.7833333
PD_PC,7.833333333,61,1260,7.8333333
PC_PD,7.85,61,1261,7.8500000
DC_DD,7.85,61,1262,7.8500001
PD_PC,7.866666667,61,1263,7.8666667
PD_PC,7.9,61,1264,7.9000000
EC_ED,7.933333333,61,1265,7.9333333
ED_EC,7.933333333,61,1266,7.9333334
EC_COM,7.983333333,61,1267,7.9833333
EC_ED,8.05,61,1268,8.0500000
PD_PC,8.083333333,61,1269,8.0833333
DC_DD,8.116666667,61,1270,8.1166667
PC_PD,8.133333333,61,1271,8.1333333
PD_PC,8.183333333,61,1272,8.1833333
SC_SD,8.183333333,61,1273,8.1833334
EC_ED,8.2,61,1274,8.2000000
PC_PD,8.216666667,61,1275,8.2166667
SD_SC,8.216666667,61,1276,8.2166668
SD_SC,8.333333333,61,1277,8.3333333
PC_PD,8.333333333,61,1278,8.3333334
SC_SD,8.366666667,61,1279,8.3666667
DC_DD,8.383333333,61,1280,8.3833333
DC_DD,8.45,61,1281,8.4500000
DD_DC,8.516666667,61,1282,8.5166667
PC_PD,8.7,61,1283,8.7000000
EC_ED,8.733333333,61,1284,8.7333333
DC_DD,8.75,61,1285,8.7500000
SD_SC,8.783333333,61,1286,8.7833333
SC_SD,8.85,61,1287,8.8500000
DD_DC,8.916666667,61,1288,8.9166667
SD_SC,8.916666667,61,1289,8.9166668
SC_SD,8.983333333,61,1290,8.9833333
SC_SD,9.016666667,61,1291,9.0166667
SD_SC,9.016666667,61,1292,9.0166668
EC_ED,9.116666667,61,1293,9.1166667
DC_DD,9.133333333,61,1294,9.1333333
PD_PC,9.166666667,61,1295,9.1666667
DD_DC,9.183333333,61,1296,9.1833333
PC_PD,9.216666667,61,1297,9.2166667
EC_ED,9.216666667,61,1298,9.2166668
ED_EC,9.283333333,61,1299,9.2833333
SD_SC,9.333333333,61,1300,9.3333333
DC_DD,9.35,61,1301,9.3500000
SC_SD,9.366666667,61,1302,9.3666667
PD_PC,9.4,61,1303,9.4000000
SD_SC,9.433333333,61,1304,9.4333333
PD_PC,9.45,61,1305,9.4500000
PC_PD,9.466666667,61,1306,9.4666667
SD_SC,9.5,61,1307,9.5000000
SC_SD,9.55,61,1308,9.5500000
DC_DD,9.566666667,61,1309,9.5666667
SD_SC,9.583333333,61,1310,9.5833333
DD_DC,9.616666667,61,1311,9.6166667
DC_DD,9.65,61,1312,9.6500000
PC_PD,9.7,61,1313,9.7000000
PD_PC,9.7,61,1314,9.7000001
EC_ED,9.716666667,61,1315,9.7166667
SC_SD,9.733333333,61,1316,9.7333333
SD_SC,9.8,61,1317,9.8000000
SD_SC,9.85,61,1318,9.8500000
DC_DD,9.883333333,61,1319,9.8833333
EC_ED,9.933333333,61,1320,9.9333333
SD_SC,9.966666667,61,1321,9.9666667
EC_ED,10,61,1322,10.0000000
SC_SD,10.02,61,1323,10.0200000
SD_SC,10.03333333,61,1324,10.0333333
EC_ED,10.08333333,61,1325,10.0833333
PC_PD,10.1,61,1326,10.1000000
SD_SC,10.13333333,61,1327,10.1333333
ED_EC,10.15,61,1328,10.1500000
EC_ED,10.18333333,61,1329,10.1833333
DD_DC,10.18333333,61,1330,10.1833334
DD_DC,10.25,61,1331,10.2500000
PC_PD,10.26,61,1332,10.2600000
PD_PC,10.28333333,61,1333,10.2833333
DC_DD,10.31666667,61,1334,10.3166667
SD_SC,10.33333333,61,1335,10.3333333
DD_DC,10.4,61,1336,10.4000000
EC_ED,10.45,61,1337,10.4500000
SD_SC,10.5,61,1338,10.5000000
SD_SC,10.58333333,61,1339,10.5833333
EC_ED,10.6,61,1340,10.6000000
DC_DD,10.75,61,1341,10.7500000
PD_PC,10.78333333,61,1342,10.7833333
PD_PC,10.81666667,61,1343,10.8166667
SC_COM,10.81666667,61,1344,10.8166668
PC_PD,10.83333333,61,1345,10.8333333
DD_DC,10.85,61,1346,10.8500000
PD_PC,10.86666667,61,1347,10.8666667
DC_COM,10.9,61,1348,10.9000000
PD_PC,10.93333333,61,1349,10.9333333
EC_ED,10.98333333,61,1350,10.9833333
PC_COM,11.01666667,61,1351,11.0166667
PD_PC,11.03333333,61,1352,11.0333333
DD_DC,11.06666667,61,1353,11.0666667
SD_SC,11.08333333,61,1354,11.0833333
SC_SD,11.08333333,61,1355,11.0833334
DC_COM,11.1,61,1356,11.1000000
DC_DD,11.15,61,1357,11.1500000
ED_EC,11.16666667,61,1358,11.1666667
DD_DC,11.16666667,61,1359,11.1666668
DC_DD,11.21666667,61,1360,11.2166667
EC_ED,11.21666667,61,1361,11.2166668
SD_SC,11.23333333,61,1362,11.2333333
DC_COM,11.25,61,1363,11.2500000
SC_SD,11.26666667,61,1364,11.2666667
SC_SD,11.3,61,1365,11.3000000
EC_COM,11.31666667,61,1366,11.3166667
PC_COM,11.31666667,61,1367,11.3166668
EC_ED,11.41666667,61,1368,11.4166667
DC_COM,11.45,61,1369,11.4500000
DC_DD,11.5,61,1370,11.5000000
ED_EC,11.55,61,1371,11.5500000
PC_PD,11.56666667,61,1372,11.5666667
EC_ED,11.58333333,61,1373,11.5833333
DD_DC,11.61666667,61,1374,11.6166667
PD_PC,11.61666667,61,1375,11.6166668
PC_PD,11.65,61,1376,11.6500000
EC_ED,11.68333333,61,1377,11.6833333
SD_SC,11.7,61,1378,11.7000000
PD_PC,11.71,61,1379,11.7100000
SC_SD,11.75,61,1380,11.7500000
PC_COM,11.76666667,61,1381,11.7666667
DC_COM,11.83333333,61,1382,11.8333333
ED_EC,11.83333333,61,1383,11.8333334
DD_DC,11.88333333,61,1384,11.8833333
PC_COM,11.91666667,61,1385,11.9166667
PD_PC,11.95,61,1386,11.9500000
DC_COM,11.96,61,1387,11.9600000
SC_SD,11.96001,61,1388,11.9600100
EC_ED,11.96666667,61,1389,11.9666667
ED_EC,12.03333333,61,1390,12.0333333
DD_DC,12.06666667,61,1391,12.0666667
DC_DD,12.13333333,61,1392,12.1333333
EC_ED,12.16666667,61,1393,12.1666667
SC_COM,12.16666667,61,1394,12.1666668
ED_EC,12.18333333,61,1395,12.1833333
DD_DC,12.21666667,61,1396,12.2166667
EC_ED,12.26666667,61,1397,12.2666667
PC_PD,12.31666667,61,1398,12.3166667
PD_PC,12.4,61,1399,12.4000000
SD_SC,12.4,61,1400,12.4000001
SC_SD,12.43333333,61,1401,12.4333333
ED_EC,12.48333333,61,1402,12.4833333
SD_SC,12.53333333,61,1403,12.5333333
EC_ED,12.55,61,1404,12.5500000
PC_PD,12.63333333,61,1405,12.6333333
SC_SD,12.66666667,61,1406,12.6666667
PD_PC,12.7,61,1407,12.7000000
SD_SC,12.71666667,61,1408,12.7166667
PC_PD,12.73333333,61,1409,12.7333333
SC_SD,12.75,61,1410,12.7500000
PD_PC,12.8,61,1411,12.8000000
PC_PD,12.83333333,61,1412,12.8333333
DD_DC,12.86666667,61,1413,12.8666667
PD_PC,12.9,61,1414,12.9000000
DC_DD,12.93333333,61,1415,12.9333333
DD_DC,12.95,61,1416,12.9500000
SD_SC,12.96666667,61,1417,12.9666667
PD_PC,13,61,1418,13.0000000
PC_PD,13.05,61,1419,13.0500000
DC_DD,13.06666667,61,1420,13.0666667
DD_DC,13.11666667,61,1421,13.1166667
SC_SD,13.15,61,1422,13.1500000
SC_COM,13.21666667,61,1423,13.2166667
DC_COM,13.21666667,61,1424,13.2166668
DC_COM,13.3,61,1425,13.3000000
PC_COM,13.31666667,61,1426,13.3166667
PD_PC,13.31666667,61,1427,13.3166668
EC_COM,13.35,61,1428,13.3500000
EC_ED,13.38333333,61,1429,13.3833333
DC_COM,13.45,61,1430,13.4500000
EC_ED,13.46666667,61,1431,13.4666667
ED_EC,13.55,61,1432,13.5500000
SD_SC,13.55,61,1433,13.5500001
EC_ED,13.58333333,61,1434,13.5833333
PD_PC,13.61666667,61,1435,13.6166667
SC_SD,13.65,61,1436,13.6500000
PC_PD,13.66666667,61,1437,13.6666667
ED_EC,13.66666667,61,1438,13.6666668
PD_PC,13.7,61,1439,13.7000000
EC_ED,13.73333333,61,1440,13.7333333
SD_SC,13.76666667,61,1441,13.7666667
PC_PD,13.76666667,61,1442,13.7666668
ED_EC,13.76666667,61,1443,13.7666669
PC_PD,13.85,61,1444,13.8500000
DC_DD,13.91666667,61,1445,13.9166667
PC_PD,13.91666667,61,1446,13.9166668
DD_DC,13.96666667,61,1447,13.9666667
PD_PC,13.96666667,61,1448,13.9666668
PD_PC,14.01666667,61,1449,14.0166667
SC_SD,14.01666667,61,1450,14.0166668
PC_COM,14.1,61,1451,14.1000000
SD_SC,14.2,61,1452,14.2000000
DD_DC,14.46666667,61,1453,14.4666667
EC_COM,14.55,61,1454,14.5500000
DC_DD,14.56666667,61,1455,14.5666667
DC_DD,14.83333333,61,1456,14.8333333
SD_SC,14.83333333,61,1457,14.8333334
DD_DC,14.88333333,61,1458,14.8833333
SC_SD,14.93333333,61,1459,14.9333333
PD_PC,15.51666667,61,1460,15.5166667
PC_PD,15.58333333,61,1461,15.5833333
PD_PC,15.61666667,61,1462,15.6166667
ED_EC,15.68333333,61,1463,15.6833333
PC_PD,15.7,61,1464,15.7000000
PC_PD,15.78333333,61,1465,15.7833333
DC_COM,15.78333333,61,1466,15.7833334
PD_PC,15.8,61,1467,15.8000000
DD_DC,16.31666667,61,1468,16.3166667
DC_DD,0.75,62,1469,0.7500000
DD_DC,0.8,62,1470,0.8000000
DC_DD,0.85,62,1471,0.8500000
ED_EC,0.883333333,62,1472,0.8833333
PD_PC,0.966666667,62,1473,0.9666667
PC_COM,0.983333333,62,1474,0.9833333
PC_COM,1,62,1475,1.0000000
DC_DD,1.033333333,62,1476,1.0333333
EC_ED,1.083333333,62,1477,1.0833333
SC_SD,1.083333333,62,1478,1.0833334
SD_SC,1.15,62,1479,1.1500000
DC_DD,1.216666667,62,1480,1.2166667
SD_SC,1.216666667,62,1481,1.2166668
PD_PC,1.216666667,62,1482,1.2166669
SC_SD,1.266666667,62,1483,1.2666667
PD_PC,1.266666667,62,1484,1.2666668
SD_SC,1.316666667,62,1485,1.3166667
PD_PC,1.333333333,62,1486,1.3333333
PC_COM,1.333333333,62,1487,1.3333334
EC_ED,1.383333333,62,1488,1.3833333
ED_EC,1.433333333,62,1489,1.4333333
PC_COM,1.466666667,62,1490,1.4666667
DC_DD,1.466666667,62,1491,1.4666668
PC_COM,1.516666667,62,1492,1.5166667
PD_PC,1.55,62,1493,1.5500000
DD_DC,1.566666667,62,1494,1.5666667
DC_COM,1.583333333,62,1495,1.5833333
SD_SC,1.6,62,1496,1.6000000
PD_PC,1.6,62,1497,1.6000001
PC_COM,1.616666667,62,1498,1.6166667
PC_PD,1.633333333,62,1499,1.6333333
SC_SD,1.65,62,1500,1.6500000
DC_DD,1.65,62,1501,1.6500001
PD_PC,1.666666667,62,1502,1.6666667
DD_DC,1.733333333,62,1503,1.7333333
DC_DD,1.733333333,62,1504,1.7333334
DC_DD,1.766666667,62,1505,1.7666667
SD_SC,1.816666667,62,1506,1.8166667
SC_SD,1.883333333,62,1507,1.8833333
SD_SC,1.9,62,1508,1.9000000
PD_PC,1.9,62,1509,1.9000001
DD_DC,1.916666667,62,1510,1.9166667
PC_PD,1.933333333,62,1511,1.9333333
SC_SD,1.95,62,1512,1.9500000
SD_SC,1.983333333,62,1513,1.9833333
EC_ED,2.033333333,62,1514,2.0333333
SC_SD,2.033333333,62,1515,2.0333334
PD_PC,2.05,62,1516,2.0500000
SD_SC,2.066666667,62,1517,2.0666667
SD_SC,2.166666667,62,1518,2.1666667
EC_ED,2.233333333,62,1519,2.2333333
PD_PC,2.283333333,62,1520,2.2833333
PC_PD,2.316666667,62,1521,2.3166667
PD_PC,2.316666667,62,1522,2.3166668
DD_DC,2.383333333,62,1523,2.3833333
PC_PD,2.433333333,62,1524,2.4333333
EC_ED,2.5,62,1525,2.5000000
SD_SC,2.533333333,62,1526,2.5333333
SC_SD,2.566666667,62,1527,2.5666667
DC_DD,2.633333333,62,1528,2.6333333
SC_SD,2.65,62,1529,2.6500000
PD_PC,2.7,62,1530,2.7000000
SD_SC,2.733333333,62,1531,2.7333333
PC_PD,2.75,62,1532,2.7500000
SC_SD,2.766666667,62,1533,2.7666667
PD_PC,2.783333333,62,1534,2.7833333
PC_PD,2.816666667,62,1535,2.8166667
DC_DD,2.833333333,62,1536,2.8333333
SD_SC,2.883333333,62,1537,2.8833333
EC_ED,2.95,62,1538,2.9500000
EC_ED,3.016666667,62,1539,3.0166667
SD_SC,3.016666667,62,1540,3.0166668
EC_ED,3.033333333,62,1541,3.0333333
PC_PD,3.05,62,1542,3.0500000
SC_SD,3.083333333,62,1543,3.0833333
PD_PC,3.133333333,62,1544,3.1333333
PC_PD,3.15,62,1545,3.1500000
EC_ED,3.216666667,62,1546,3.2166667
DC_DD,3.233333333,62,1547,3.2333333
SC_SD,3.25,62,1548,3.2500000
EC_ED,3.266666667,62,1549,3.2666667
SD_SC,3.283333333,62,1550,3.2833333
DD_DC,3.3,62,1551,3.3000000
EC_ED,3.366666667,62,1552,3.3666667
SD_SC,3.4,62,1553,3.4000000
DC_DD,3.4,62,1554,3.4000001
DC_DD,3.45,62,1555,3.4500000
SC_SD,3.483333333,62,1556,3.4833333
PD_PC,3.483333333,62,1557,3.4833334
PC_PD,3.5,62,1558,3.5000000
SD_SC,3.516666667,62,1559,3.5166667
DD_DC,3.566666667,62,1560,3.5666667
DC_DD,3.6,62,1561,3.6000000
PD_PC,3.783333333,62,1562,3.7833333
DC_DD,3.816666667,62,1563,3.8166667
SD_SC,3.816666667,62,1564,3.8166668
SC_SD,3.866666667,62,1565,3.8666667
DD_DC,3.95,62,1566,3.9500000
SD_SC,3.95,62,1567,3.9500001
PC_PD,3.983333333,62,1568,3.9833333
PD_PC,4.033333333,62,1569,4.0333333
PC_PD,4.083333333,62,1570,4.0833333
PD_PC,4.15,62,1571,4.1500000
EC_ED,4.15,62,1572,4.1500001
EC_ED,4.183333333,62,1573,4.1833333
EC_ED,4.266666667,62,1574,4.2666667
PC_PD,4.266666667,62,1575,4.2666668
PD_PC,4.3,62,1576,4.3000000
EC_ED,4.35,62,1577,4.3500000
DD_DC,4.433333333,62,1578,4.4333333
DC_DD,4.483333333,62,1579,4.4833333
SC_SD,4.5,62,1580,4.5000000
SD_SC,4.55,62,1581,4.5500000
DD_DC,4.583333333,62,1582,4.5833333
PD_PC,4.583333333,62,1583,4.5833334
PC_PD,4.6,62,1584,4.6000000
ED_EC,4.616666667,62,1585,4.6166667
PC_PD,4.616666667,62,1586,4.6166668
SC_SD,4.633333333,62,1587,4.6333333
SD_SC,4.683333333,62,1588,4.6833333
PD_PC,4.683333333,62,1589,4.6833334
EC_ED,4.7,62,1590,4.7000000
PC_PD,4.716666667,62,1591,4.7166667
SD_SC,4.733333333,62,1592,4.7333333
PD_PC,4.75,62,1593,4.7500000
SC_SD,4.8,62,1594,4.8000000
PD_PC,4.816666667,62,1595,4.8166667
PC_PD,4.816666667,62,1596,4.8166668
ED_EC,4.85,62,1597,4.8500000
DC_DD,4.9,62,1598,4.9000000
PC_PD,4.9,62,1599,4.9000001
SD_SC,4.916666667,62,1600,4.9166667
EC_ED,4.95,62,1601,4.9500000
SC_SD,4.95,62,1602,4.9500001
ED_EC,4.983333333,62,1603,4.9833333
DC_DD,5,62,1604,5.0000000
DD_DC,5.066666667,62,1605,5.0666667
DC_DD,5.116666667,62,1606,5.1166667
SD_SC,5.116666667,62,1607,5.1166668
SC_SD,5.183333333,62,1608,5.1833333
DC_DD,5.25,62,1609,5.2500000
SD_SC,5.316666667,62,1610,5.3166667
EC_ED,5.316666667,62,1611,5.3166668
DD_DC,5.316666667,62,1612,5.3166669
PD_PC,5.35,62,1613,5.3500000
EC_ED,5.416666667,62,1614,5.4166667
PC_PD,5.416666667,62,1615,5.4166668
EC_ED,5.533333333,62,1616,5.5333333
SD_SC,5.55,62,1617,5.5500000
ED_EC,5.566666667,62,1618,5.5666667
SC_SD,5.6,62,1619,5.6000000
EC_ED,5.6,62,1620,5.6000001
ED_EC,5.616666667,62,1621,5.6166667
PC_PD,5.65,62,1622,5.6500000
PD_PC,5.683333333,62,1623,5.6833333
EC_ED,5.75,62,1624,5.7500000
PC_PD,5.766666667,62,1625,5.7666667
DC_DD,5.783333333,62,1626,5.7833333
DD_DC,5.8,62,1627,5.8000000
PD_PC,5.833333333,62,1628,5.8333333
SC_SD,5.85,62,1629,5.8500000
PC_PD,5.866666667,62,1630,5.8666667
DC_DD,5.883333333,62,1631,5.8833333
PD_PC,5.883333333,62,1632,5.8833334
PC_PD,5.933333333,62,1633,5.9333333
SC_SD,5.95,62,1634,5.9500000
EC_ED,6.05,62,1635,6.0500000
PD_PC,6.1,62,1636,6.1000000
ED_EC,6.1,62,1637,6.1000001
EC_ED,6.133333333,62,1638,6.1333333
DC_DD,6.183333333,62,1639,6.1833333
PC_PD,6.233333333,62,1640,6.2333333
PD_PC,6.266666667,62,1641,6.2666667
ED_EC,6.266666667,62,1642,6.2666668
EC_ED,6.316666667,62,1643,6.3166667
PC_PD,6.333333333,62,1644,6.3333333
DC_DD,6.35,62,1645,6.3500000
ED_EC,6.366666667,62,1646,6.3666667
PD_PC,6.383333333,62,1647,6.3833333
EC_ED,6.4,62,1648,6.4000000
DD_DC,6.433333333,62,1649,6.4333333
PD_PC,6.433333333,62,1650,6.4333334
SC_SD,6.45,62,1651,6.4500000
ED_EC,6.483333333,62,1652,6.4833333
SC_SD,6.483333333,62,1653,6.4833334
PD_PC,6.516666667,62,1654,6.5166667
DC_DD,6.533333333,62,1655,6.5333333
PD_PC,6.55,62,1656,6.5500000
SD_SC,6.566666667,62,1657,6.5666667
PC_PD,6.566666667,62,1658,6.5666668
EC_ED,6.583333333,62,1659,6.5833333
PD_PC,6.6,62,1660,6.6000000
DC_DD,6.616666667,62,1661,6.6166667
PC_PD,6.65,62,1662,6.6500000
EC_ED,6.783333333,62,1663,6.7833333
PD_PC,6.783333333,62,1664,6.7833334
PD_PC,6.85,62,1665,6.8500000
PC_PD,6.85,62,1666,6.8500001
SC_SD,6.866666667,62,1667,6.8666667
PC_PD,7.033333333,62,1668,7.0333333
PC_PD,7.066666667,62,1669,7.0666667
PD_PC,7.066666667,62,1670,7.0666668
PD_PC,7.2,62,1671,7.2000000
DC_DD,7.233333333,62,1672,7.2333333
PC_PD,7.25,62,1673,7.2500000
PD_PC,7.3,62,1674,7.3000000
SD_SC,7.3,62,1675,7.3000001
PC_PD,7.3,62,1676,7.3000002
DD_DC,7.3,62,1677,7.3000003
SD_SC,7.316666667,62,1678,7.3166667
PD_PC,7.333333333,62,1679,7.3333333
PC_PD,7.383333333,62,1680,7.3833333
SC_SD,7.383333333,62,1681,7.3833334
PC_PD,7.4,62,1682,7.4000000
SD_SC,7.4,62,1683,7.4000001
PD_PC,7.45,62,1684,7.4500000
SD_SC,7.483333333,62,1685,7.4833333
PD_PC,7.533333333,62,1686,7.5333333
SC_SD,7.583333333,62,1687,7.5833333
PD_PC,7.6,62,1688,7.6000000
EC_ED,7.6,62,1689,7.6000001
DD_DC,7.616666667,62,1690,7.6166667
DC_DD,7.65,62,1691,7.6500000
PD_PC,7.683333333,62,1692,7.6833333
PC_PD,7.7,62,1693,7.7000000
PC_PD,7.733333333,62,1694,7.7333333
PD_PC,7.8,62,1695,7.8000000
DD_DC,7.8,62,1696,7.8000001
PC_PD,7.833333333,62,1697,7.8333333
SD_SC,7.883333333,62,1698,7.8833333
SC_SD,7.9,62,1699,7.9000000
PC_PD,7.95,62,1700,7.9500000
SD_SC,7.983333333,62,1701,7.9833333
PD_PC,7.983333333,62,1702,7.9833334
SC_SD,8.05,62,1703,8.0500000
PD_PC,8.05,62,1704,8.0500001
DC_DD,8.083333333,62,1705,8.0833333
ED_EC,8.083333333,62,1706,8.0833334
DD_DC,8.1,62,1707,8.1000000
PC_PD,8.1,62,1708,8.1000001
SD_SC,8.116666667,62,1709,8.1166667
DC_DD,8.133333333,62,1710,8.1333333
SC_SD,8.15,62,1711,8.1500000
EC_ED,8.166666667,62,1712,8.1666667
PC_PD,8.2,62,1713,8.2000000
PD_PC,8.216666667,62,1714,8.2166667
DC_COM,8.216666667,62,1715,8.2166668
SC_SD,8.266666667,62,1716,8.2666667
EC_COM,8.3,62,1717,8.3000000
PC_COM,8.316666667,62,1718,8.3166667
SD_SC,8.35,62,1719,8.3500000
SC_SD,8.366666667,62,1720,8.3666667
DD_DC,8.383333333,62,1721,8.3833333
DC_COM,8.416666667,62,1722,8.4166667
DC_DD,8.45,62,1723,8.4500000
DD_DC,8.45,62,1724,8.4500001
PC_PD,8.483333333,62,1725,8.4833333
DD_DC,8.483333333,62,1726,8.4833334
EC_COM,8.483333333,62,1727,8.4833335
ED_EC,8.533333333,62,1728,8.5333333
SC_SD,8.566666667,62,1729,8.5666667
DD_DC,8.583333333,62,1730,8.5833333
PD_PC,8.583333333,62,1731,8.5833334
EC_ED,8.583333333,62,1732,8.5833335
PD_PC,8.616666667,62,1733,8.6166667
EC_ED,8.666666667,62,1734,8.6666667
PD_PC,8.683333333,62,1735,8.6833333
PD_PC,8.733333333,62,1736,8.7333333
EC_ED,8.75,62,1737,8.7500000
PC_PD,8.766666667,62,1738,8.7666667
DD_DC,8.783333333,62,1739,8.7833333
SC_COM,8.8,62,1740,8.8000000
PC_PD,8.8,62,1741,8.8000001
PD_PC,8.8,62,1742,8.8000002
SC_SD,8.833333333,62,1743,8.8333333
EC_COM,8.85,62,1744,8.8500000
PC_PD,8.866666667,62,1745,8.8666667
DD_DC,8.9,62,1746,8.9000000
EC_ED,8.916666667,62,1747,8.9166667
SC_SD,8.95,62,1748,8.9500000
DD_DC,9,62,1749,9.0000000
EC_COM,9.016666667,62,1750,9.0166667
PD_PC,9.066666667,62,1751,9.0666667
PC_COM,9.066666667,62,1752,9.0666668
DC_DD,9.066666667,62,1753,9.0666669
PC_COM,9.1,62,1754,9.1000000
PD_PC,9.116666667,62,1755,9.1166667
SC_SD,9.183333333,62,1756,9.1833333
PD_PC,9.233333333,62,1757,9.2333333
SD_SC,9.25,62,1758,9.2500000
DC_DD,9.266666667,62,1759,9.2666667
EC_COM,9.366666667,62,1760,9.3666667
PC_COM,9.366666667,62,1761,9.3666668
DC_COM,9.433333333,62,1762,9.4333333
EC_COM,9.483333333,62,1763,9.4833333
ED_EC,9.483333333,62,1764,9.4833334
DC_DD,9.483333333,62,1765,9.4833335
PC_COM,9.483333333,62,1766,9.4833336
PC_PD,9.5,62,1767,9.5000000
PD_PC,9.533333333,62,1768,9.5333333
ED_EC,9.55,62,1769,9.5500000
DD_DC,9.566666667,62,1770,9.5666667
PD_PC,9.616666667,62,1771,9.6166667
DC_DD,9.633333333,62,1772,9.6333333
PC_PD,9.65,62,1773,9.6500000
DC_COM,9.683333333,62,1774,9.6833333
PC_COM,9.733333333,62,1775,9.7333333
SC_COM,9.733333333,62,1776,9.7333334
PC_PD,9.75,62,1777,9.7500000
EC_COM,9.783333333,62,1778,9.7833333
EC_ED,9.783333333,62,1779,9.7833334
SC_SD,9.866666667,62,1780,9.8666667
PD_PC,9.883333333,62,1781,9.8833333
EC_ED,9.933333333,62,1782,9.9333333
PD_PC,9.95,62,1783,9.9500000
DC_DD,9.966666667,62,1784,9.9666667
DD_DC,10.03333333,62,1785,10.0333333
PD_PC,10.06666667,62,1786,10.0666667
PC_PD,10.06666667,62,1787,10.0666668
EC_ED,10.1,62,1788,10.1000000
ED_EC,10.11666667,62,1789,10.1166667
PC_PD,10.15,62,1790,10.1500000
EC_ED,10.16666667,62,1791,10.1666667
PC_COM,10.21666667,62,1792,10.2166667
SC_SD,10.21666667,62,1793,10.2166668
SC_COM,10.26666667,62,1794,10.2666667
ED_EC,10.31666667,62,1795,10.3166667
SD_SC,10.35,62,1796,10.3500000
SC_COM,10.43333333,62,1797,10.4333333
EC_ED,10.48333333,62,1798,10.4833333
ED_EC,10.5,62,1799,10.5000000
SC_COM,10.51666667,62,1800,10.5166667
SC_COM,10.56666667,62,1801,10.5666667
SD_SC,10.58333333,62,1802,10.5833333
PC_PD,10.61666667,62,1803,10.6166667
SD_SC,10.63333333,62,1804,10.6333333
SC_COM,10.63333333,62,1805,10.6333334
SC_COM,10.66666667,62,1806,10.6666667
SD_SC,10.68333333,62,1807,10.6833333
ED_EC,10.7,62,1808,10.7000000
PD_PC,10.71666667,62,1809,10.7166667
SC_COM,10.75,62,1810,10.7500000
DC_DD,10.76,62,1811,10.7600000
EC_COM,10.78333333,62,1812,10.7833333
PD_PC,10.8,62,1813,10.8000000
DD_DC,10.81,62,1814,10.8100000
SD_SC,10.85,62,1815,10.8500000
SC_COM,10.91666667,62,1816,10.9166667
PD_PC,10.98333333,62,1817,10.9833333
PC_PD,11.01666667,62,1818,11.0166667
EC_COM,11.05,62,1819,11.0500000
PC_COM,11.08333333,62,1820,11.0833333
DD_DC,11.21666667,62,1821,11.2166667
PD_PC,11.21666667,62,1822,11.2166668
ED_EC,11.26666667,62,1823,11.2666667
PC_PD,11.26666667,62,1824,11.2666668
PD_PC,11.31666667,62,1825,11.3166667
PC_PD,11.38333333,62,1826,11.3833333
PC_COM,11.41666667,62,1827,11.4166667
PC_COM,11.46666667,62,1828,11.4666667
DD_DC,11.48333333,62,1829,11.4833333
PD_PC,11.53333333,62,1830,11.5333333
SC_COM,11.58333333,62,1831,11.5833333
PD_PC,11.63333333,62,1832,11.6333333
PC_PD,11.66666667,62,1833,11.6666667
PC_COM,11.7,62,1834,11.7000000
PD_PC,11.71666667,62,1835,11.7166667
PC_PD,11.73333333,62,1836,11.7333333
PD_PC,11.76666667,62,1837,11.7666667
PD_PC,11.8,62,1838,11.8000000
PD_PC,11.88333333,62,1839,11.8833333
PD_PC,11.91666667,62,1840,11.9166667
PC_COM,11.91666667,62,1841,11.9166668
PD_PC,12.06666667,62,1842,12.0666667
PC_PD,12.11666667,62,1843,12.1166667
DD_DC,12.21666667,62,1844,12.2166667
DC_DD,12.23333333,62,1845,12.2333333
DC_DD,12.33333333,62,1846,12.3333333
DC_DD,12.35,62,1847,12.3500000
EC_ED,12.36666667,62,1848,12.3666667
DD_DC,12.4,62,1849,12.4000000
ED_EC,12.41666667,62,1850,12.4166667
SD_SC,12.45,62,1851,12.4500000
SC_COM,12.58333333,62,1852,12.5833333
SD_SC,12.6,62,1853,12.6000000
SC_COM,12.61666667,62,1854,12.6166667
SD_SC,12.83333333,62,1855,12.8333333
PD_PC,12.85,62,1856,12.8500000
DD_DC,12.93333333,62,1857,12.9333333
PC_PD,12.95,62,1858,12.9500000
PD_PC,13,62,1859,13.0000000
DC_DD,13.01,62,1860,13.0100000
PD_PC,13.08333333,62,1861,13.0833333
PC_PD,13.13333333,62,1862,13.1333333
SC_COM,13.35,62,1863,13.3500000
PD_PC,13.55,62,1864,13.5500000
PD_PC,13.71666667,62,1865,13.7166667
DD_DC,13.75,62,1866,13.7500000
SD_SC,13.76666667,62,1867,13.7666667
PC_COM,13.78333333,62,1868,13.7833333
PC_COM,13.8,62,1869,13.8000000
SC_COM,13.81666667,62,1870,13.8166667
PC_PD,13.83333333,62,1871,13.8333333
DC_DD,13.85,62,1872,13.8500000
EC_COM,13.85,62,1873,13.8500001
PC_PD,13.86,62,1874,13.8600000
DC_COM,13.86666667,62,1875,13.8666667
PD_PC,13.88333333,62,1876,13.8833333
PC_PD,14,62,1877,14.0000000
SC_COM,14.03333333,62,1878,14.0333333
PC_PD,14.06666667,62,1879,14.0666667
DD_DC,14.15,62,1880,14.1500000
SD_SC,14.18333333,62,1881,14.1833333
SD_SC,14.38333333,62,1882,14.3833333
SD_SC,15.1,62,1883,15.1000000
SD_SC,15.2,62,1884,15.2000000
DD_DC,15.23333333,62,1885,15.2333333
SC_COM,15.25,62,1886,15.2500000
SD_SC,15.3,62,1887,15.3000000
DC_DD,15.35,62,1888,15.3500000
DD_DC,15.43333333,62,1889,15.4333333
DD_DC,15.46666667,62,1890,15.4666667
DD_DC,15.76666667,62,1891,15.7666667
DC_DD,15.8,62,1892,15.8000000
PD_PC,15.8,62,1893,15.8000001
DC_COM,15.85,62,1894,15.8500000
PC_PD,15.85,62,1895,15.8500001
PD_PC,15.9,62,1896,15.9000000
PC_PD,15.95,62,1897,15.9500000
